Geneid,control cells_1,control cells_2,control cells_3,IL-10 cells_1,IL-10 cells_2,IL-10 cells_3
mmu-mir-6341,0,5,0,1,1,1
mmu-mir-206,0,0,0,0,0,0
mmu-mir-133b,0,0,0,0,0,0
mmu-mir-30a,226,301,208,223,231,270
mmu-mir-30c-2,71,89,57,49,36,86
mmu-mir-6342,0,0,0,0,0,0
mmu-mir-6896,0,0,0,0,0,0
mmu-mir-5103,0,0,0,0,0,0
mmu-mir-6897,0,0,0,0,0,0
mmu-mir-6898,0,0,0,0,0,0
mmu-mir-6349,0,0,0,0,0,0
mmu-mir-6350,0,0,0,0,0,0
mmu-mir-7681,0,0,0,0,0,0
mmu-mir-6899,0,0,0,0,0,0
mmu-mir-6351,0,0,0,0,0,0
mmu-mir-1928,0,0,0,0,0,0
mmu-mir-26b,56,53,38,38,30,48
mmu-mir-375,0,0,0,0,0,0
mmu-mir-6343,0,0,0,0,0,0
mmu-mir-6352,0,1,0,0,0,0
mmu-mir-6344,0,0,0,0,0,0
mmu-mir-6353,0,0,0,0,0,0
mmu-mir-5126,1271,1589,1268,1649,2421,1989
mmu-mir-8096,0,0,0,0,0,0
mmu-mir-3535,10564,14184,8994,10450,6413,8371
mmu-mir-6900,0,0,0,0,1,0
mmu-mir-149,0,0,0,0,0,1
mmu-mir-6901,0,1,0,0,0,0
mmu-mir-6902,0,0,0,0,0,0
mmu-mir-6345,0,0,0,0,0,0
mmu-mir-3473f,0,5,4,3,2,2
mmu-mir-6346,0,0,0,0,0,0
mmu-mir-128-1,32,35,43,25,15,31
mmu-mir-135b,0,0,0,0,0,0
mmu-mir-6903,0,0,0,0,0,0
mmu-mir-1231,0,0,0,1,0,0
mmu-mir-181a-1,17,24,38,21,19,35
mmu-mir-181b-1,7,8,2,4,5,5
mmu-mir-7682,4,2,1,2,0,2
mmu-mir-8114,16,34,20,33,22,30
mmu-mir-488,0,0,0,0,0,0
mmu-mir-1843b,989,2064,898,931,979,1052
mmu-mir-1927,0,0,0,0,0,0
mmu-mir-199a-2,50,96,62,105,85,91
mmu-mir-214,3,1,0,0,0,2
mmu-mir-6347,0,0,0,0,0,0
mmu-mir-6348,0,0,0,0,0,0
mmu-mir-6354,0,0,0,0,0,0
mmu-mir-6546,29,35,19,29,24,28
mmu-mir-7683,0,0,0,0,2,0
mmu-mir-350,17,16,17,16,15,30
mmu-mir-6904,0,0,0,0,0,1
mmu-mir-1981,24,45,33,27,33,34
mmu-mir-664,146,252,172,173,151,136
mmu-mir-194-1,9,4,5,1,2,4
mmu-mir-215,0,0,0,0,0,0
mmu-mir-3473c,0,0,0,0,0,0
mmu-mir-205,0,0,0,0,0,0
mmu-mir-3962,1,2,2,2,3,0
mmu-mir-29b-2,49,36,60,58,31,53
mmu-mir-29c,101,92,102,112,100,129
mmu-mir-5104,0,0,0,0,0,0
mmu-mir-6413,0,0,0,0,0,0
mmu-mir-7663,0,0,0,0,0,0
mmu-mir-6905,1,0,0,0,0,0
mmu-mir-3473b,0,0,0,0,0,0
mmu-mir-1929,0,0,0,0,0,0
mmu-mir-6906,0,0,0,0,0,0
mmu-mir-6408,0,0,0,0,0,0
mmu-mir-466j,0,0,0,0,0,0
mmu-mir-5108,0,1,0,0,1,0
mmu-mir-7662,0,0,0,0,0,0
mmu-mir-7215,0,0,0,0,0,0
mmu-mir-6409,0,0,0,0,0,0
mmu-mir-678,1,6,1,4,1,2
mmu-mir-1930,0,0,0,0,0,0
mmu-mir-7659,0,0,0,0,0,0
mmu-mir-6907,0,0,0,1,1,0
mmu-mir-6410,0,0,0,0,0,0
mmu-mir-6908,0,1,0,0,0,0
mmu-mir-6909,1,0,0,0,0,1
mmu-mir-6910,0,0,0,0,0,0
mmu-mir-6911,1,2,1,0,0,3
mmu-mir-6912,2,0,2,0,1,0
mmu-mir-1982,6,23,2,5,6,5
mmu-mir-5615-1,0,0,0,0,0,0
mmu-mir-5615-2,0,0,0,0,0,0
mmu-mir-3057,10,6,11,13,5,3
mmu-mir-6913,1,0,0,0,0,0
mmu-mir-1191b,0,0,0,0,0,0
mmu-mir-135a-2,0,0,0,0,0,0
mmu-mir-1251,0,0,0,0,0,0
mmu-mir-1931,1,9,3,4,1,5
mmu-mir-7688,1,1,2,1,3,0
mmu-mir-331,284,391,310,199,287,363
mmu-mir-7211,0,0,0,0,0,0
mmu-mir-3058,1,0,0,0,0,0
mmu-mir-3966,0,0,0,0,0,0
mmu-mir-3059,0,0,0,0,0,0
mmu-mir-6411,0,0,0,0,0,0
mmu-mir-763,0,0,0,0,0,0
mmu-mir-6412,0,0,0,0,0,0
mmu-mir-8104,1,0,0,0,0,0
mmu-let-7i,654,851,618,879,753,777
mmu-mir-378d,36,23,18,44,26,21
mmu-mir-26a-2,38,52,30,37,35,38
mmu-mir-546,0,0,0,0,0,0
mmu-mir-677,6850,10684,6702,4764,4937,7060
mmu-mir-6914,0,0,0,0,0,0
mmu-mir-6915,1,0,0,2,0,0
mmu-mir-8105,0,0,0,0,0,0
mmu-mir-6916,2,0,1,2,0,0
mmu-mir-6917,0,0,0,0,0,0
mmu-mir-3060,3,3,1,5,4,6
mmu-mir-6918,0,0,0,0,0,0
mmu-mir-7651,0,0,0,0,0,0
mmu-mir-1933,4,1,2,0,1,0
mmu-mir-6372,0,0,0,0,0,0
mmu-mir-216b,0,0,0,0,0,0
mmu-mir-216c,0,0,0,0,0,0
mmu-mir-216a,0,0,0,0,0,0
mmu-mir-217,0,0,0,0,0,0
mmu-mir-218-2,0,0,0,2,0,0
mmu-mir-103-1,124,122,107,103,77,83
mmu-mir-146a,315,434,346,540,416,633
mmu-mir-8100,0,0,0,0,0,0
mmu-mir-7239,0,0,0,0,0,0
mmu-mir-340,86,125,76,101,107,113
mmu-mir-6919,0,2,0,0,0,0
mmu-mir-804,0,0,0,0,0,0
mmu-mir-3061,0,0,0,1,0,0
mmu-mir-6920,0,1,0,0,0,0
mmu-mir-7671,0,2,1,0,0,2
mmu-mir-7652,0,0,0,0,0,0
mmu-mir-6921,2,1,0,0,0,0
mmu-mir-6922,0,0,1,0,0,0
mmu-mir-5100,37,42,40,34,32,31
mmu-mir-744,646,668,562,613,364,430
mmu-mir-6923,0,0,0,0,0,0
mmu-mir-6406,0,0,0,0,0,0
mmu-mir-3062,0,0,0,0,0,0
mmu-mir-467f,0,0,0,0,0,0
mmu-mir-1934,4,7,0,7,5,2
mmu-mir-6924,1,0,0,0,0,0
mmu-mir-324,199,248,209,194,139,176
mmu-mir-497b,0,0,0,0,0,0
mmu-mir-497a,5,3,3,1,2,5
mmu-mir-195a,1,1,1,2,1,3
mmu-mir-7115,1,1,1,0,2,0
mmu-mir-6925,0,0,1,0,0,0
mmu-mir-6338,0,0,0,0,0,0
mmu-mir-6926,0,2,0,0,0,0
mmu-mir-212,6,7,0,6,5,2
mmu-mir-132,1,3,4,5,6,12
mmu-mir-22,28,34,37,56,42,54
mmu-mir-3971,0,0,0,0,0,0
mmu-mir-423,880,1079,764,837,719,889
mmu-mir-144,0,0,0,0,0,0
mmu-mir-451a,0,0,0,0,0,0
mmu-mir-451b,0,0,0,0,0,0
mmu-mir-7653,0,0,0,0,1,0
mmu-mir-193a,22,37,24,21,16,16
mmu-mir-365-2,49,72,59,44,26,58
mmu-mir-7679,4,0,0,1,0,1
mmu-mir-5110,0,0,0,0,0,0
mmu-mir-21a,440,644,506,1927,1577,1949
mmu-mir-301a,30,39,42,36,42,27
mmu-mir-142b,1,1,0,0,0,1
mmu-mir-142a,851,1287,975,1395,1204,957
mmu-mir-378b,46,36,31,46,18,38
mmu-mir-3063,0,0,0,0,0,0
mmu-mir-196a-1,2,7,1,5,3,2
mmu-mir-10a,0,1,0,0,0,0
mmu-mir-152,0,2,1,1,1,2
mmu-mir-8103,0,1,0,0,1,0
mmu-mir-7235,0,0,1,0,1,0
mmu-mir-6927,0,0,0,0,0,0
mmu-mir-8102,4,2,1,2,2,0
mmu-mir-5119,0,0,0,0,0,0
mmu-mir-7116,0,0,0,1,0,0
mmu-mir-6928,0,0,0,0,0,0
mmu-mir-6929,1,0,0,0,0,0
mmu-mir-8101,5,1,3,10,5,1
mmu-mir-6930,0,0,0,1,0,0
mmu-mir-6931,0,0,1,0,0,0
mmu-mir-3064,0,0,0,1,0,1
mmu-mir-6932,0,0,0,0,0,0
mmu-mir-7223,0,0,0,0,0,0
mmu-mir-3968,16,43,21,45,22,31
mmu-mir-5621,1,0,0,0,0,0
mmu-mir-6516,735,1283,857,837,896,1029
mmu-mir-6933,0,0,0,0,0,0
mmu-mir-6934,0,0,0,0,1,0
mmu-mir-1932,0,0,0,1,0,0
mmu-mir-338,7,7,8,8,6,6
mmu-mir-3065,0,0,0,0,0,0
mmu-mir-6935,0,0,1,0,0,0
mmu-mir-6936,2,1,2,1,1,5
mmu-mir-7236,0,0,0,0,0,0
mmu-mir-7675,0,0,0,0,0,0
mmu-mir-6387,0,0,0,0,0,0
mmu-mir-3066,1,0,0,2,1,0
mmu-mir-6538,3,7,1,1,3,2
mmu-mir-6937,2,0,0,1,1,1
mmu-mir-680-3,0,0,0,0,0,0
mmu-mir-5099,35148,59096,33218,38187,34029,28247
mmu-mir-1938,0,0,1,0,0,0
mmu-mir-5627,0,3,0,0,1,1
mmu-mir-1892,4,11,0,0,6,0
mmu-mir-681,0,0,0,0,0,0
mmu-mir-5101,0,0,0,0,0,0
mmu-mir-5135,0,0,0,0,0,1
mmu-mir-1843a,327,664,364,372,347,443
mmu-mir-3067,0,1,0,0,0,0
mmu-mir-6938,0,0,0,0,0,0
mmu-mir-3068,1286,2678,1278,1575,1765,1262
mmu-mir-8099-2,0,0,1,0,0,0
mmu-mir-1190,0,0,0,0,0,0
mmu-mir-1936,0,0,0,0,0,0
mmu-mir-3069,300,434,326,316,346,294
mmu-mir-342,18,26,19,62,49,58
mmu-mir-345,33,38,27,25,21,27
mmu-mir-1906-1,0,0,0,0,0,0
mmu-mir-770,0,0,0,0,0,0
mmu-mir-673,0,1,0,0,0,0
mmu-mir-493,0,0,0,0,0,0
mmu-mir-337,0,0,0,0,0,1
mmu-mir-3544,0,0,0,0,0,0
mmu-mir-540,0,0,0,0,0,0
mmu-mir-665,0,0,0,0,0,0
mmu-mir-3070-1,0,0,0,0,0,0
mmu-mir-3070-2,0,1,0,1,0,0
mmu-mir-431,0,0,0,0,0,0
mmu-mir-433,0,0,0,0,0,0
mmu-mir-127,0,0,0,0,0,0
mmu-mir-434,0,0,0,1,0,0
mmu-mir-432,0,0,0,0,0,0
mmu-mir-3071,0,0,0,0,0,0
mmu-mir-136,0,0,0,0,0,0
mmu-mir-341,0,0,0,0,0,0
mmu-mir-1188,0,0,0,0,0,0
mmu-mir-370,0,0,0,0,0,0
mmu-mir-882,0,0,0,0,0,0
mmu-mir-379,0,0,0,0,0,0
mmu-mir-411,0,0,0,0,0,0
mmu-mir-299a,0,0,0,0,0,0
mmu-mir-299b,0,0,0,0,0,0
mmu-mir-380,0,0,0,0,0,0
mmu-mir-1197,0,0,0,0,0,0
mmu-mir-323,0,0,2,0,0,0
mmu-mir-758,0,0,0,0,0,0
mmu-mir-329,0,0,0,0,0,0
mmu-mir-494,0,0,0,0,0,0
mmu-mir-679,0,0,0,0,0,0
mmu-mir-1193,0,0,0,0,0,0
mmu-mir-666,0,0,0,0,0,0
mmu-mir-543,0,0,0,0,1,0
mmu-mir-495,0,0,0,0,0,0
mmu-mir-667,0,0,0,0,0,0
mmu-mir-376c,0,0,0,0,0,0
mmu-mir-654,0,0,0,0,0,0
mmu-mir-376b,0,0,0,0,0,0
mmu-mir-376a,0,0,0,0,0,0
mmu-mir-300,0,0,0,0,0,0
mmu-mir-381,0,0,0,0,0,0
mmu-mir-487b,0,0,0,0,0,0
mmu-mir-539,0,0,0,0,0,0
mmu-mir-544,0,0,0,0,0,0
mmu-mir-382,0,0,0,0,0,0
mmu-mir-134,0,0,0,0,0,0
mmu-mir-668,0,0,0,0,0,0
mmu-mir-485,0,0,0,0,0,0
mmu-mir-453,0,0,0,0,0,0
mmu-mir-154,0,0,0,0,0,0
mmu-mir-496a,0,0,0,0,0,0
mmu-mir-377,0,0,0,0,0,0
mmu-mir-541,0,0,0,0,0,0
mmu-mir-409,0,0,0,0,0,0
mmu-mir-412,0,0,0,0,0,0
mmu-mir-369,0,0,0,0,0,0
mmu-mir-410,0,0,0,0,0,0
mmu-mir-3072,0,0,0,0,0,0
mmu-mir-1247,3,2,3,3,6,1
mmu-mir-3073a,0,0,0,0,0,0
mmu-mir-3073b,0,0,0,0,0,0
mmu-mir-203,2,0,0,0,1,0
mmu-mir-6939,5,0,1,1,1,1
mmu-mir-6940,0,0,0,1,0,1
mmu-mir-6941,0,1,0,0,0,0
mmu-mir-7094-1,0,0,0,0,0,0
mmu-mir-7094-2,0,0,0,0,0,0
mmu-mir-6388,0,0,0,0,0,0
mmu-mir-153,0,1,0,0,0,0
mmu-mir-466i,5,3,4,7,4,2
mmu-mir-6942,0,0,0,0,0,0
mmu-mir-1896,1,0,0,0,1,0
mmu-mir-1983,18,28,26,27,22,30
mmu-mir-6368,0,0,0,0,0,0
mmu-mir-5124a,0,0,0,0,0,0
mmu-let-7d,4774,6454,4978,5706,5785,5870
mmu-let-7f-1,18073,24850,18896,25085,25369,25911
mmu-let-7a-1,33105,45800,34138,45945,48319,48963
mmu-mir-683-1,0,0,0,0,0,0
mmu-mir-683-2,0,0,0,0,0,0
mmu-mir-6943,0,0,0,2,0,0
mmu-mir-6944,0,0,0,0,1,0
mmu-mir-6945,0,0,0,0,0,0
mmu-mir-874,0,0,0,1,0,0
mmu-mir-6369,0,0,0,0,0,0
mmu-mir-7a-1,180,204,164,259,168,216
mmu-mir-713,0,0,0,0,0,0
mmu-mir-23b,6175,8663,6739,8793,8130,8912
mmu-mir-27b,269,254,241,360,293,355
mmu-mir-3074-1,1,0,2,1,3,5
mmu-mir-24-1,5492,7089,5693,6579,6047,6139
mmu-mir-466f-4,3,3,6,7,7,2
mmu-mir-692-3,794,1449,698,921,748,649
mmu-mir-682,345,526,295,307,232,199
mmu-mir-3961,0,0,0,0,0,0
mmu-mir-9-2,0,0,3,0,0,0
mmu-mir-5624,0,0,0,0,1,0
mmu-mir-582,2,0,2,2,0,0
mmu-mir-1904,0,0,0,0,0,0
mmu-mir-449c,0,0,0,0,0,0
mmu-mir-449b,0,0,0,0,0,0
mmu-mir-449a,0,0,0,0,0,0
mmu-mir-5124b,0,0,0,0,0,0
mmu-mir-6946,1,0,0,0,0,0
mmu-mir-7210,0,0,0,0,0,0
mmu-mir-3075,0,0,0,0,0,0
mmu-mir-7672,0,0,1,0,0,0
mmu-mir-6947,0,0,0,0,0,0
mmu-mir-3076,2,3,4,0,3,6
mmu-mir-346,0,0,0,0,0,0
mmu-mir-327,0,0,0,0,0,0
mmu-mir-5131,6,6,3,0,2,2
mmu-mir-378c,200,206,155,236,152,180
mmu-mir-686,3,2,2,9,1,4
mmu-mir-6948,0,1,0,0,1,0
mmu-mir-208a,0,0,0,0,0,0
mmu-mir-208b,0,0,0,0,0,0
mmu-mir-6949,0,0,0,0,0,0
mmu-mir-3077,0,0,3,1,0,0
mmu-mir-719,0,2,0,0,0,0
mmu-mir-16-1,150,160,153,182,125,201
mmu-mir-15a,38,41,43,21,14,27
mmu-mir-8098,1,4,2,6,6,6
mmu-mir-6541,0,0,0,0,0,0
mmu-mir-598,0,4,0,4,6,6
mmu-mir-124-1,0,0,1,0,0,0
mmu-mir-3078,0,0,0,0,0,0
mmu-mir-6539,0,0,3,0,0,2
mmu-mir-6950,0,0,0,0,0,0
mmu-mir-320,73,75,71,48,53,61
mmu-mir-687,0,0,0,0,0,0
mmu-mir-1971,0,0,0,0,0,0
mmu-mir-759,0,0,0,0,0,0
mmu-mir-5130,5,6,5,6,4,4
mmu-mir-6390,1,3,0,0,1,0
mmu-mir-17,221,221,170,160,107,124
mmu-mir-18a,23,39,29,23,20,28
mmu-mir-19a,201,294,240,243,247,261
mmu-mir-20a,20,20,12,15,15,10
mmu-mir-19b-1,334,497,390,402,413,416
mmu-mir-92a-1,793,943,725,475,297,444
mmu-mir-6239,1,1,0,0,1,0
mmu-mir-6241,0,0,0,0,0,0
mmu-mir-6391,0,0,0,0,0,0
mmu-mir-1898,0,0,0,0,0,0
mmu-mir-7212,0,0,0,0,0,0
mmu-mir-7117,1,0,2,0,0,0
mmu-mir-3964,0,0,0,1,0,0
mmu-mir-599,0,0,0,0,0,0
mmu-mir-875,0,0,0,0,0,0
mmu-mir-8097,0,1,2,2,0,0
mmu-mir-6951,2,0,1,0,0,0
mmu-mir-1907,0,0,0,1,0,0
mmu-mir-28c,2,2,5,9,5,8
mmu-mir-30b,25,25,21,27,21,38
mmu-mir-30d,47,64,39,55,40,71
mmu-mir-151,172,242,175,178,280,244
mmu-mir-6952,0,1,0,0,1,1
mmu-mir-1942,0,0,0,0,0,0
mmu-mir-6953,2,5,0,2,2,3
mmu-mir-3079,0,0,0,0,0,0
mmu-mir-6954,0,2,1,0,0,0
mmu-mir-7676-1,1,0,0,0,0,0
mmu-mir-7676-2,1,0,0,0,0,0
mmu-mir-6955,0,0,0,0,0,0
mmu-mir-6956,0,1,0,0,0,0
mmu-mir-1943,1,1,0,1,0,0
mmu-mir-7213,2,3,1,3,5,3
mmu-mir-6957,0,0,0,0,0,0
mmu-mir-5113,4,0,3,0,0,2
mmu-mir-33,1,9,7,3,5,6
mmu-mir-7684,0,0,0,0,0,0
mmu-mir-3080,0,0,0,0,0,0
mmu-mir-6392,0,0,0,0,0,0
mmu-mir-1249,17,26,16,24,17,25
mmu-let-7c-2,11046,16206,11309,14118,15088,15086
mmu-let-7b,4558,6848,4601,5093,5629,5430
mmu-mir-6393,0,0,0,0,0,0
mmu-mir-7118,0,0,0,0,1,0
mmu-mir-6958,0,1,0,0,0,0
mmu-mir-6959,2,1,0,2,0,1
mmu-mir-7648,2,1,0,3,1,0
mmu-mir-1291,136,266,161,161,175,181
mmu-mir-6960,0,1,0,6,0,1
mmu-mir-6961,0,0,0,0,0,0
mmu-mir-6962,0,0,0,0,0,0
mmu-mir-1941,0,0,0,0,2,0
mmu-mir-688,1,4,6,1,0,3
mmu-mir-196a-2,1,7,1,5,3,2
mmu-mir-615,6,6,7,2,4,4
mmu-mir-148b,18,19,20,17,5,27
mmu-mir-6963,0,0,0,0,0,0
mmu-mir-6364,0,0,0,0,0,0
mmu-mir-1945,0,0,0,0,0,0
mmu-mir-193b,0,2,2,0,0,0
mmu-mir-365-1,41,66,53,32,19,52
mmu-mir-6365,0,0,0,0,0,0
mmu-mir-484,105,122,75,71,49,118
mmu-mir-130b,589,737,585,582,538,537
mmu-mir-301b,37,45,43,38,48,27
mmu-mir-6366,0,0,0,0,0,0
mmu-mir-1306,41,47,39,29,25,33
mmu-mir-3618,0,0,0,0,1,0
mmu-mir-185,129,143,117,140,103,122
mmu-mir-1224,0,0,1,0,1,2
mmu-mir-7680,0,0,0,0,0,0
mmu-mir-8095,0,0,0,0,0,0
mmu-mir-6362,0,0,0,0,0,0
mmu-mir-28a,103,158,102,149,149,147
mmu-mir-690,20,51,28,38,36,40
mmu-mir-1946a,0,0,0,0,0,0
mmu-mir-1947,0,0,0,0,0,0
mmu-mir-6540,0,0,0,0,0,0
mmu-mir-568,0,0,0,0,0,0
mmu-mir-3470b,0,0,0,0,0,0
mmu-mir-3081,0,0,0,0,0,1
mmu-mir-6363,0,0,0,0,0,0
mmu-mir-5118,0,0,0,0,0,0
mmu-mir-691,0,0,0,0,0,0
mmu-mir-99a,0,2,2,0,0,1
mmu-let-7c-1,10950,15950,11153,13936,14849,14954
mmu-mir-125b-2,14,22,17,12,10,15
mmu-mir-155,7,8,9,10,9,18
mmu-mir-6367,0,0,0,0,2,0
mmu-mir-802,0,0,0,0,0,0
mmu-mir-6964,0,0,1,0,0,0
mmu-mir-692-1,487,821,384,571,474,337
mmu-mir-99b,0,0,0,0,0,0
mmu-let-7e,6534,9329,6842,9176,9885,9843
mmu-mir-125a,0,0,1,0,0,0
mmu-mir-5125,1,0,0,0,0,0
mmu-mir-5134,0,0,1,0,0,0
mmu-mir-6965,0,0,2,0,1,0
mmu-mir-3547,0,0,0,0,0,0
mmu-mir-6966,0,0,0,0,0,0
mmu-mir-3082,1,1,0,0,0,2
mmu-mir-6967-1,0,3,0,0,0,1
mmu-mir-6968,0,0,0,0,0,0
mmu-mir-3083,0,1,0,0,0,0
mmu-mir-7677,0,0,0,0,0,0
mmu-mir-7214,0,0,0,0,0,0
mmu-mir-7216,0,0,0,0,0,0
mmu-mir-7217,0,0,0,0,0,0
mmu-mir-7218,0,0,0,0,0,0
mmu-mir-6969,0,0,0,0,0,0
mmu-mir-7667,0,0,0,0,0,0
mmu-mir-6967-2,0,3,0,0,0,1
mmu-mir-219a-1,2,2,5,0,0,2
mmu-mir-219c,0,1,1,0,0,0
mmu-mir-6971,3,0,0,3,0,0
mmu-mir-6970,1,0,1,0,0,0
mmu-mir-6972,0,0,0,0,0,0
mmu-mir-6973a,0,0,0,0,0,0
mmu-mir-6974,0,0,0,0,0,0
mmu-mir-6975,1,0,0,1,0,2
mmu-mir-8094,1,0,1,0,1,0
mmu-mir-1894,0,0,0,0,0,0
mmu-mir-877,152,174,132,171,169,168
mmu-mir-693,0,0,0,0,1,0
mmu-mir-6976,0,2,0,0,2,1
mmu-mir-7b,90,78,70,132,67,93
mmu-mir-6977,0,0,0,1,0,0
mmu-mir-6978,0,0,0,1,0,0
mmu-mir-6420,0,0,0,0,0,0
mmu-mir-5709,0,0,0,0,0,0
mmu-mir-1195,0,0,0,1,0,0
mmu-mir-1893,2,2,0,1,0,2
mmu-mir-133a-1,0,0,0,0,0,0
mmu-mir-1b,2,5,1,0,0,1
mmu-mir-1a-2,0,1,0,0,1,2
mmu-mir-1901,0,2,0,0,0,0
mmu-mir-1948,0,0,0,0,0,0
mmu-mir-6360,0,0,0,0,0,0
mmu-mir-187,0,0,0,0,0,0
mmu-mir-6361,0,0,0,0,0,0
mmu-mir-1949,1258,3228,1505,1918,2263,2253
mmu-mir-6979,0,0,0,0,0,0
mmu-mir-6981,2,3,0,1,0,1
mmu-mir-6980,0,0,1,1,0,0
mmu-mir-1258,0,0,0,0,0,0
mmu-mir-6355,0,0,0,0,0,0
mmu-mir-5107,2,5,3,2,3,2
mmu-mir-7220,0,0,0,0,0,0
mmu-mir-6982,0,0,0,0,0,0
mmu-mir-6983,0,0,0,1,0,0
mmu-mir-378a,391,441,338,431,262,356
mmu-mir-145a,0,0,0,0,0,0
mmu-mir-143,0,1,0,0,0,0
mmu-mir-122,1,0,0,0,0,0
mmu-mir-694,0,0,0,0,0,0
mmu-mir-7219,1,1,2,2,0,0
mmu-mir-6356,0,0,0,0,0,0
mmu-mir-145b,0,0,0,0,0,0
mmu-mir-6357,0,0,0,0,0,0
mmu-mir-6358,0,0,0,0,0,0
mmu-mir-5127,0,0,0,0,0,0
mmu-mir-5112,0,1,0,0,0,0
mmu-mir-6359,0,0,1,0,0,0
mmu-mir-6984,0,2,2,0,1,1
mmu-mir-6985,0,1,0,2,1,2
mmu-mir-6986,0,2,0,2,0,0
mmu-mir-6987,1,0,0,0,1,0
mmu-mir-6988,0,2,0,0,1,2
mmu-mir-194-2,11,7,3,1,2,4
mmu-mir-192,6,7,6,4,4,6
mmu-mir-6989,0,1,0,0,0,0
mmu-mir-5046,0,0,0,0,0,0
mmu-mir-6990,0,0,0,0,0,0
mmu-mir-6991,0,1,0,0,0,0
mmu-mir-6992,0,0,0,0,0,0
mmu-mir-5136,138,269,155,132,134,136
mmu-mir-6993,0,0,0,0,0,1
mmu-mir-6994,0,0,3,3,0,0
mmu-mir-496b,0,0,0,0,0,0
mmu-mir-204,0,0,0,0,0,0
mmu-mir-1192,0,0,0,0,0,0
mmu-mir-3084-1,850,1417,909,1007,918,1257
mmu-mir-101b,41,45,26,31,59,45
mmu-mir-3970,3,1,6,7,2,2
mmu-mir-107,102,88,81,84,54,63
mmu-mir-1950,0,0,0,0,0,0
mmu-mir-8092,1,0,0,1,0,1
mmu-mir-8091,5,0,0,0,0,0
mmu-mir-3085,0,0,0,0,0,0
mmu-mir-5114,12,14,17,9,17,18
mmu-mir-6405,0,0,0,0,0,0
mmu-mir-146b,286,384,291,453,402,554
mmu-mir-6995,0,0,0,0,0,0
mmu-mir-8090,0,0,0,0,0,0
mmu-mir-6407,0,0,0,0,0,0
mmu-mir-6715,0,0,0,0,0,0
mmu-mir-5623,0,0,0,0,0,0
mmu-mir-3086,2,0,1,0,0,0
mmu-mir-3084-2,848,1419,910,1002,919,1259
mmu-mir-466m,11,17,14,16,8,15
mmu-mir-466f-1,15,6,7,7,5,1
mmu-mir-669f,122,114,87,86,70,77
mmu-mir-669e,9,5,6,6,8,17
mmu-mir-669b,21,18,26,18,16,23
mmu-mir-669d,19,27,23,33,33,37
mmu-mir-466f-2,27,13,16,23,12,13
mmu-mir-669l,113,146,99,131,158,169
mmu-mir-669d-2,24,24,21,35,36,38
mmu-mir-466f-3,29,24,17,33,24,19
mmu-mir-297a-2,28,35,35,34,21,28
mmu-mir-466o,32,29,16,17,25,23
mmu-mir-467c,51,71,42,63,50,46
mmu-mir-466b-1,317,311,261,340,236,297
mmu-mir-669a-3,89,103,82,100,80,99
mmu-mir-669k,2,2,0,5,2,0
mmu-mir-467a-1,189,232,193,277,186,244
mmu-mir-466b-8,361,328,260,343,244,278
mmu-mir-669a-1,298,274,230,249,192,245
mmu-mir-669g,0,0,0,0,0,0
mmu-mir-669j,5,7,4,0,1,1
mmu-mir-467a-2,187,238,184,242,172,244
mmu-mir-466e,377,311,261,361,254,287
mmu-mir-669a-4,326,273,232,221,178,249
mmu-mir-467b,81,108,54,114,78,93
mmu-mir-466c-1,539,488,466,502,331,363
mmu-mir-669a-5,345,267,208,248,187,270
mmu-mir-467a-3,210,254,179,266,153,226
mmu-mir-466c-2,517,513,450,475,318,342
mmu-mir-669a-6,332,285,228,239,189,262
mmu-mir-467a-4,224,248,214,245,172,237
mmu-mir-466b-4,319,318,219,328,238,264
mmu-mir-669a-7,317,301,224,263,167,245
mmu-mir-467a-5,213,243,188,263,155,210
mmu-mir-466b-5,333,277,260,329,226,270
mmu-mir-669p-1,94,96,71,92,98,106
mmu-mir-467a-6,196,240,210,253,161,273
mmu-mir-466c-3,542,495,446,467,332,364
mmu-mir-669a-8,292,291,236,252,189,265
mmu-mir-467a-7,202,253,191,235,167,232
mmu-mir-466b-6,315,278,234,352,218,287
mmu-mir-669a-9,340,284,246,247,181,251
mmu-mir-467a-8,214,239,195,267,167,238
mmu-mir-466b-7,344,296,264,361,233,257
mmu-mir-669p-2,94,119,96,97,101,131
mmu-mir-467a-9,192,252,194,242,178,244
mmu-mir-466b-2,325,314,255,335,237,294
mmu-mir-669a-10,307,305,225,203,186,240
mmu-mir-669a-11,338,287,221,237,187,265
mmu-mir-467a-10,193,243,191,235,179,229
mmu-mir-466b-3,286,247,212,298,175,226
mmu-mir-669a-12,356,287,208,217,181,266
mmu-mir-467e,113,130,120,138,125,123
mmu-mir-466p,309,292,272,339,226,258
mmu-mir-467d,175,210,150,193,140,159
mmu-mir-466a,275,289,252,332,213,267
mmu-mir-297c,164,221,174,190,139,205
mmu-mir-669c,1086,1447,1015,1248,1333,1286
mmu-mir-669a-2,341,270,231,247,205,254
mmu-mir-297b,178,193,179,188,158,188
mmu-mir-466d,233,213,221,220,139,162
mmu-mir-669m-1,36,44,28,33,19,31
mmu-mir-669m-2,35,48,26,31,22,31
mmu-mir-466n,60,57,67,49,44,40
mmu-mir-669o,323,311,227,226,211,261
mmu-mir-466g,15,19,14,18,19,20
mmu-mir-466h,43,28,22,27,18,20
mmu-mir-297a-3,184,208,169,192,137,196
mmu-mir-466l,1,2,0,3,0,0
mmu-mir-297a-4,173,208,180,208,142,197
mmu-mir-669i,4,4,1,2,1,1
mmu-mir-669h,9,27,11,19,14,6
mmu-mir-511,21,41,19,47,43,44
mmu-mir-6419,0,0,0,0,0,0
mmu-mir-7655,0,1,0,2,0,0
mmu-mir-3967,0,0,0,0,0,0
mmu-mir-7664,0,0,0,0,0,0
mmu-mir-3087,0,0,0,0,0,0
mmu-mir-6996,0,0,0,0,0,0
mmu-mir-126a,19,76,35,28,40,38
mmu-mir-126b,0,0,0,0,0,0
mmu-mir-7578,0,0,0,0,0,0
mmu-mir-3088,0,0,0,0,0,0
mmu-mir-133c,0,0,0,0,0,0
mmu-mir-219a-2,0,1,3,0,0,1
mmu-mir-219b,0,0,3,0,0,2
mmu-mir-6997,0,0,0,0,0,0
mmu-mir-3089,0,0,0,0,0,0
mmu-mir-6998,0,0,0,0,0,0
mmu-mir-7674,0,0,0,0,0,0
mmu-mir-3154,0,0,0,0,0,0
mmu-mir-199b,48,85,56,92,81,86
mmu-mir-1954,0,0,0,0,0,0
mmu-mir-8093,0,0,0,1,0,0
mmu-mir-2861,0,0,0,0,0,0
mmu-mir-3960,0,0,1,0,0,1
mmu-mir-5128,1,5,2,1,1,0
mmu-mir-181a-2,17,24,37,21,19,34
mmu-mir-181b-2,7,1,2,4,5,5
mmu-mir-6336,0,0,0,0,0,0
mmu-mir-5129,2,0,2,1,1,0
mmu-mir-195b,0,0,0,0,0,0
mmu-mir-6337,0,0,0,0,0,0
mmu-mir-7224,0,0,0,0,0,0
mmu-mir-6335,0,0,0,0,0,0
mmu-mir-10b,0,1,0,2,0,0
mmu-mir-684-1,1,1,1,5,0,2
mmu-mir-130a,0,0,0,0,0,0
mmu-mir-6999,0,0,0,0,0,0
mmu-mir-1955,4,1,1,1,0,0
mmu-mir-7000,0,0,0,1,1,0
mmu-mir-7221,0,0,0,0,0,0
mmu-mir-7222,0,0,0,0,0,0
mmu-mir-7001,0,1,0,2,1,0
mmu-mir-129-2,1,2,1,2,3,2
mmu-mir-129b,1,1,0,0,0,0
mmu-mir-670,2,0,1,0,0,1
mmu-mir-1902,0,0,0,0,0,0
mmu-mir-7002,0,0,0,0,0,0
mmu-mir-1951,0,1,0,0,0,0
mmu-mir-674,1051,1369,1065,1280,1201,1417
mmu-mir-7665,0,0,0,0,0,0
mmu-mir-147,1,0,1,2,0,0
mmu-mir-3473g,0,0,0,0,0,0
mmu-mir-6339,0,0,0,0,0,0
mmu-mir-6973b,0,0,0,0,0,0
mmu-mir-103-2,123,123,106,103,76,80
mmu-mir-3090,0,0,0,0,0,0
mmu-mir-1952,0,0,0,0,0,0
mmu-mir-1953,0,0,0,0,0,0
mmu-mir-5622,0,1,0,0,0,0
mmu-mir-695,0,0,0,0,0,0
mmu-mir-499,0,0,0,0,0,0
mmu-mir-7685,0,0,0,0,0,0
mmu-mir-3474,1,4,8,5,4,1
mmu-mir-7003,0,3,1,0,5,0
mmu-mir-7678,3,2,3,2,3,3
mmu-mir-7004,0,0,0,0,0,0
mmu-mir-6340,0,0,0,0,0,0
mmu-mir-296,0,0,0,0,0,0
mmu-mir-298,0,0,0,0,0,0
mmu-mir-7005,0,0,0,0,0,0
mmu-mir-3091,0,2,0,0,3,2
mmu-mir-1a-1,0,1,0,0,1,2
mmu-mir-133a-2,0,0,0,0,0,0
mmu-mir-124-3,0,0,1,0,0,0
mmu-mir-7006,0,0,0,0,0,0
mmu-mir-124-2,0,0,1,0,0,0
mmu-mir-7007,0,0,0,0,0,0
mmu-mir-3092,0,1,0,0,0,0
mmu-mir-466q,0,0,0,0,0,0
mmu-mir-551b,0,0,0,0,0,0
mmu-mir-21b,0,0,0,0,3,0
mmu-mir-7008,0,0,0,0,0,0
mmu-mir-1897,0,0,0,0,0,0
mmu-mir-6378,0,0,0,0,0,0
mmu-mir-7009,0,0,0,0,0,0
mmu-mir-6379,0,0,0,0,0,0
mmu-mir-6377,0,0,0,0,0,0
mmu-mir-8120,0,1,0,0,1,0
mmu-mir-15b,123,151,130,142,94,151
mmu-mir-16-2,159,174,151,201,132,213
mmu-mir-7010,0,0,0,0,0,0
mmu-mir-466k,0,1,0,0,0,1
mmu-mir-3093,0,0,0,0,0,0
mmu-mir-9-1,0,0,3,0,0,0
mmu-mir-7011,0,0,0,0,0,0
mmu-mir-1905,0,0,0,1,0,0
mmu-mir-92b,94,115,68,53,36,70
mmu-mir-7669,6,8,7,7,5,6
mmu-mir-190b,2,4,1,0,3,2
mmu-mir-7012,2,7,2,5,1,1
mmu-mir-7013,0,0,0,2,0,1
mmu-mir-8099-1,0,0,0,0,0,0
mmu-mir-7014,0,0,0,0,0,0
mmu-mir-7225,0,0,0,0,0,0
mmu-mir-6481,0,0,0,0,0,0
mmu-mir-669n,0,0,0,0,0,0
mmu-mir-137,0,0,0,0,0,0
mmu-mir-760,8,1,1,0,0,3
mmu-mir-7657,0,0,0,0,0,0
mmu-mir-302b,0,0,0,0,0,0
mmu-mir-302c,0,0,0,0,0,0
mmu-mir-302a,0,0,0,0,0,0
mmu-mir-302d,0,0,0,0,0,0
mmu-mir-367,0,0,0,0,0,0
mmu-mir-1895,0,0,0,0,0,0
mmu-mir-6380,0,0,0,0,0,0
mmu-mir-1956,0,5,3,1,1,1
mmu-let-7j,444,603,427,600,550,546
mmu-mir-6381,0,0,0,0,0,0
mmu-mir-3963,46,51,36,55,41,48
mmu-mir-186,41,50,30,53,37,61
mmu-mir-3471-2,0,0,0,0,0,0
mmu-mir-3471-1,0,0,0,0,0,0
mmu-mir-684-2,0,0,0,0,0,0
mmu-mir-6400,0,0,0,0,0,0
mmu-mir-8118,0,0,0,0,0,0
mmu-mir-876,0,0,0,0,0,0
mmu-mir-873a,0,0,0,0,0,0
mmu-mir-873b,0,0,0,0,0,0
mmu-mir-207,0,0,2,1,0,0
mmu-mir-5123,0,0,0,0,0,0
mmu-mir-3094,0,0,3,1,1,0
mmu-mir-5106,0,0,1,0,0,0
mmu-mir-5120,0,0,0,0,0,0
mmu-mir-1958,0,0,0,0,0,0
mmu-mir-32,17,10,9,13,14,10
mmu-mir-3095,0,0,0,0,0,0
mmu-mir-455,0,0,0,0,0,0
mmu-mir-491,1,2,2,4,4,0
mmu-mir-31,0,0,0,0,0,0
mmu-mir-6402,0,0,0,0,0,0
mmu-mir-872,35,51,38,41,40,53
mmu-mir-101a,67,90,54,76,108,82
mmu-mir-6397,0,0,0,0,0,0
mmu-mir-761,0,0,0,0,0,0
mmu-mir-7226,0,0,0,0,0,0
mmu-mir-1957a,0,0,0,0,0,0
mmu-mir-30c-1,60,69,54,38,26,85
mmu-mir-30f,0,0,2,0,0,0
mmu-mir-30e,199,279,207,223,221,238
mmu-mir-7015,0,0,1,1,0,0
mmu-mir-6398,0,0,0,0,0,0
mmu-mir-697,0,0,0,0,0,0
mmu-mir-698,0,0,0,0,0,0
mmu-mir-692-2,572,1076,527,665,530,479
mmu-mir-7119,0,0,0,0,0,0
mmu-mir-8119,0,0,0,0,0,0
mmu-mir-7016,0,1,0,0,0,0
mmu-mir-7017,0,0,0,0,1,0
mmu-mir-5122,0,4,1,0,1,1
mmu-mir-7227,0,0,0,0,0,0
mmu-mir-6403,0,0,0,0,0,0
mmu-mir-700,129,159,124,90,75,108
mmu-mir-7018,0,0,0,0,0,0
mmu-mir-6399,0,0,0,0,0,0
mmu-mir-7019,0,0,0,0,0,0
mmu-mir-7020,0,0,0,0,0,0
mmu-mir-2139,0,0,0,0,0,0
mmu-mir-7021,1,0,3,0,0,1
mmu-mir-7022,0,0,0,0,0,0
mmu-mir-5616,0,0,0,0,0,0
mmu-mir-7023,0,2,0,0,2,1
mmu-mir-34a,98,77,68,65,53,64
mmu-mir-429,0,0,0,0,0,0
mmu-mir-200a,0,0,0,0,0,0
mmu-mir-200b,2,2,2,2,0,1
mmu-mir-7658,3,1,0,0,0,0
mmu-mir-879,0,2,0,0,0,0
mmu-mir-671,6,15,8,10,11,10
mmu-mir-1960,0,0,0,0,0,0
mmu-mir-5625,1,0,0,2,2,1
mmu-mir-3473e,1,0,0,0,1,0
mmu-mir-7024,0,0,1,1,0,0
mmu-mir-7036b,0,0,0,0,0,0
mmu-mir-467g,0,0,0,0,0,0
mmu-mir-3097,0,1,1,0,0,0
mmu-mir-7689,0,0,0,0,0,0
mmu-mir-6414,0,0,0,0,0,0
mmu-mir-218-1,0,0,0,2,0,0
mmu-mir-8117,0,0,0,0,0,0
mmu-mir-6417,0,0,0,0,0,0
mmu-mir-574,245,358,204,293,245,289
mmu-mir-7025,0,0,0,0,0,0
mmu-mir-5098,0,0,0,0,0,0
mmu-mir-1187,0,0,0,0,0,0
mmu-mir-3969,0,0,1,0,0,0
mmu-mir-6415,0,0,0,0,0,0
mmu-mir-1961,4,8,4,1,2,0
mmu-mir-703,75,119,72,55,44,38
mmu-mir-5619,0,0,0,0,0,0
mmu-mir-7026,0,0,0,0,0,0
mmu-mir-701,0,0,0,0,0,0
mmu-mir-7229,0,0,0,0,0,0
mmu-mir-7230,0,0,0,0,0,0
mmu-mir-7027,0,0,0,0,0,0
mmu-mir-7028,0,0,0,0,0,0
mmu-mir-6240,439,476,386,368,351,377
mmu-mir-7029,0,0,0,0,0,0
mmu-mir-7030,0,0,0,0,0,0
mmu-mir-7031,0,1,0,0,0,0
mmu-mir-8115,0,0,0,0,0,0
mmu-mir-7647,0,0,0,0,0,0
mmu-mir-7032,0,0,0,0,0,0
mmu-mir-3965,0,0,0,0,0,0
mmu-mir-7228,0,0,0,0,0,0
mmu-mir-7033,4,10,5,3,6,1
mmu-mir-7034,0,1,0,2,0,2
mmu-mir-7035,0,0,0,0,0,0
mmu-mir-721,0,0,0,0,0,0
mmu-mir-702,16,24,16,15,6,14
mmu-mir-8116,0,0,0,0,0,0
mmu-mir-7036a,1,4,1,2,1,0
mmu-mir-6418,1,3,4,3,3,0
mmu-mir-25,4102,5769,4522,5019,4683,4753
mmu-mir-93,339,447,359,393,292,357
mmu-mir-106b,179,186,142,125,109,98
mmu-mir-339,26,30,24,37,53,41
mmu-mir-7037,0,0,0,0,0,0
mmu-mir-7038,0,1,0,0,0,0
mmu-mir-7039,0,0,0,0,0,0
mmu-let-7k,44,62,35,51,47,40
mmu-mir-653,0,0,0,0,0,0
mmu-mir-489,0,0,0,0,0,0
mmu-mir-6370,0,0,0,0,0,0
mmu-mir-592,0,0,0,0,0,0
mmu-mir-129-1,1,2,1,0,3,2
mmu-mir-182,68,86,86,91,115,118
mmu-mir-96,21,10,18,18,15,12
mmu-mir-183,2478,3083,2506,3013,2854,3330
mmu-mir-335,0,0,0,0,0,0
mmu-mir-29a,243,296,268,342,261,355
mmu-mir-29b-1,58,49,70,67,45,64
mmu-mir-490,0,0,0,0,0,0
mmu-mir-7670,0,0,0,0,0,0
mmu-mir-704,0,0,0,0,0,2
mmu-mir-6371,0,0,0,0,0,0
mmu-mir-148a,0,0,0,0,0,0
mmu-mir-196b,4,8,3,6,4,2
mmu-mir-8112,72,111,73,51,52,69
mmu-mir-7232,0,0,0,0,0,0
mmu-mir-468,0,0,0,0,0,0
mmu-mir-7040,1,0,0,0,0,0
mmu-mir-3470a,0,0,0,0,0,0
mmu-mir-6374,0,0,0,0,0,0
mmu-mir-705,0,1,0,0,0,0
mmu-mir-6375,0,0,0,0,0,0
mmu-mir-6376,0,0,0,0,0,0
mmu-mir-7041,0,0,0,0,0,0
mmu-mir-6373,0,0,0,0,0,0
mmu-mir-7661,0,0,0,0,0,0
mmu-mir-7042,0,0,0,0,0,0
mmu-mir-7660,0,0,0,0,0,0
mmu-mir-7043,0,1,1,0,1,0
mmu-mir-7044,1,0,0,1,0,1
mmu-mir-706,0,0,0,0,0,0
mmu-mir-7231,0,0,0,0,0,0
mmu-mir-141,0,0,0,0,0,4
mmu-mir-200c,9,3,0,2,4,3
mmu-mir-7045,0,0,0,0,0,0
mmu-mir-3098,0,0,0,0,0,0
mmu-mir-8113,0,1,0,0,0,0
mmu-mir-7233,0,0,0,0,0,0
mmu-mir-7649,0,0,0,0,0,0
mmu-mir-680-1,0,0,0,0,0,0
mmu-mir-290a,0,0,0,0,0,0
mmu-mir-290b,0,0,0,0,0,0
mmu-mir-291a,0,0,0,0,0,0
mmu-mir-292a,0,0,0,0,0,0
mmu-mir-292b,0,0,0,0,0,0
mmu-mir-291b,0,0,0,0,0,0
mmu-mir-293,0,0,0,0,0,0
mmu-mir-294,0,0,0,0,0,0
mmu-mir-295,0,0,0,0,0,0
mmu-mir-935,59,60,38,76,62,78
mmu-mir-3572,0,0,0,0,2,0
mmu-mir-3099,0,0,0,0,0,0
mmu-mir-5620,0,1,0,2,3,3
mmu-mir-297a-1,2,3,1,4,0,1
mmu-mir-3100,0,0,0,0,0,0
mmu-mir-330,53,67,66,47,54,65
mmu-mir-343,0,0,0,0,0,0
mmu-mir-7046,2,7,8,4,2,0
mmu-mir-7047,2,0,0,0,0,0
mmu-mir-6537,0,0,0,0,0,1
mmu-mir-7048,0,0,0,0,0,0
mmu-mir-3101,0,0,0,0,0,0
mmu-mir-1191a,1,0,0,0,0,4
mmu-mir-7049,0,0,0,0,0,1
mmu-mir-1963,0,0,0,0,0,0
mmu-mir-1964,2,5,3,3,1,2
mmu-mir-7668,2,2,1,0,0,1
mmu-mir-9769,0,0,0,0,0,0
mmu-mir-3569,0,0,0,1,0,0
mmu-mir-7050,0,1,1,0,0,0
mmu-mir-7051,1,3,0,0,0,4
mmu-mir-7052,0,0,0,0,1,0
mmu-mir-7053,0,0,1,0,0,0
mmu-mir-707,0,0,0,0,0,1
mmu-mir-7054,0,0,1,0,0,0
mmu-mir-150,0,2,2,1,0,2
mmu-mir-5121,9092,14171,8192,7489,6963,6265
mmu-mir-7055,0,0,0,0,0,0
mmu-mir-7056,0,0,0,0,0,0
mmu-mir-6238,181,156,141,105,86,110
mmu-mir-6389,0,0,0,0,0,0
mmu-mir-344d-1,0,0,0,0,0,0
mmu-mir-344d-2,0,0,0,0,0,0
mmu-mir-344d-3,0,0,0,0,0,0
mmu-mir-344e,0,0,0,0,0,0
mmu-mir-344h-1,0,0,0,0,0,0
mmu-mir-344h-2,0,0,0,0,0,0
mmu-mir-344b,0,0,0,0,0,0
mmu-mir-344c,0,0,0,0,0,0
mmu-mir-344-1,0,0,0,0,0,0
mmu-mir-344-2,0,0,0,0,0,0
mmu-mir-344g,0,0,0,1,0,0
mmu-mir-344f,0,0,0,0,0,0
mmu-mir-344i,0,0,0,0,0,0
mmu-mir-211,0,0,0,0,0,0
mmu-mir-6416,0,0,0,0,0,0
mmu-mir-7057,0,0,0,0,0,0
mmu-mir-7234,0,0,0,0,0,0
mmu-mir-7a-2,95,93,80,145,81,102
mmu-mir-9-3,0,0,3,0,0,0
mmu-mir-1839,436,800,444,428,410,428
mmu-mir-708,0,0,0,1,0,0
mmu-mir-6394,0,0,0,0,0,0
mmu-mir-326,283,424,340,217,122,317
mmu-mir-3102,1,2,0,6,3,2
mmu-mir-139,27,24,19,25,28,30
mmu-mir-7058,0,0,0,0,0,0
mmu-mir-7059,0,0,1,0,2,0
mmu-mir-7060,0,0,1,0,1,0
mmu-mir-762,0,0,0,0,0,0
mmu-mir-3103,2,1,0,1,0,0
mmu-mir-7061,0,0,0,0,0,0
mmu-mir-1962,0,0,0,0,0,0
mmu-mir-6401,0,0,0,0,0,0
mmu-mir-7686,0,0,0,0,0,0
mmu-mir-202,0,1,0,0,0,0
mmu-mir-7062,0,0,0,0,0,0
mmu-mir-210,992,1069,854,570,203,489
mmu-mir-7063,0,0,0,0,0,0
mmu-mir-3104,0,0,0,0,0,0
mmu-mir-675,0,0,0,0,1,0
mmu-mir-483,0,0,0,0,0,0
mmu-mir-7064,0,0,1,0,0,0
mmu-mir-6404,0,0,0,0,0,0
mmu-mir-3105,0,0,0,0,0,0
mmu-mir-7654,7,15,12,16,6,20
mmu-mir-7238,0,2,3,0,1,2
mmu-mir-9768,0,0,0,0,0,0
mmu-mir-7065,0,0,0,0,0,0
mmu-mir-1968,0,0,0,0,0,0
mmu-mir-3106,0,0,0,0,0,0
mmu-mir-486a,0,0,0,0,0,2
mmu-mir-486b,0,0,0,0,0,2
mmu-mir-8108,0,0,1,0,0,0
mmu-mir-6395,0,1,1,1,0,2
mmu-mir-383,0,0,0,0,0,0
mmu-mir-7666,13,25,8,6,12,4
mmu-mir-710,0,0,0,0,0,0
mmu-mir-7066,0,0,0,0,0,0
mmu-mir-7240,0,0,0,0,0,0
mmu-mir-7067,24,59,37,21,21,20
mmu-mir-1969,0,0,0,0,0,2
mmu-mir-6769b,0,1,0,1,1,0
mmu-mir-7068,1,1,3,1,2,6
mmu-mir-28b,0,0,0,1,1,0
mmu-mir-1668,0,0,0,0,0,0
mmu-mir-8111,3,1,1,0,0,2
mmu-mir-1199,0,1,0,1,1,0
mmu-mir-709,0,0,0,0,0,0
mmu-mir-181d,4,0,1,3,4,3
mmu-mir-181c,0,0,0,0,0,0
mmu-mir-23a,6305,8925,6961,8853,8190,8915
mmu-mir-27a,242,227,226,311,227,304
mmu-mir-24-2,5537,7116,5747,6632,6071,6188
mmu-mir-3074-2,1,0,1,0,1,2
mmu-mir-7069,0,0,1,1,0,1
mmu-mir-7070,3,3,1,3,3,1
mmu-mir-8109,1,3,0,2,1,1
mmu-mir-7071,0,1,3,1,1,0
mmu-mir-8110,0,0,0,0,0,0
mmu-mir-138-2,7,6,2,13,3,7
mmu-mir-7072,3,3,1,3,2,0
mmu-mir-7073,1,2,0,2,1,0
mmu-mir-328,1428,1838,1348,1420,1008,1817
mmu-mir-1966,0,0,0,1,0,0
mmu-mir-7074,0,0,0,0,1,0
mmu-mir-7075,8,11,9,4,12,12
mmu-mir-140,150,175,138,137,134,111
mmu-mir-3108,0,0,0,0,0,0
mmu-mir-3473d,10,9,6,12,13,3
mmu-mir-1957b,0,0,0,0,0,0
mmu-mir-7076,0,0,0,0,0,0
mmu-mir-7077,0,2,0,0,0,0
mmu-mir-7078,0,1,0,0,2,2
mmu-mir-7687,0,1,1,0,0,2
mmu-mir-7237,0,0,0,0,0,0
mmu-mir-6396,0,0,0,0,0,0
mmu-mir-7079,0,6,1,0,0,2
mmu-mir-7080,0,0,0,0,0,0
mmu-mir-1967,0,0,0,0,0,0
mmu-mir-21c,0,0,0,1,0,0
mmu-mir-1903,35,31,23,38,40,20
mmu-mir-101c,4,8,4,9,9,8
mmu-mir-5618,0,0,0,0,0,0
mmu-mir-1899,0,0,0,0,0,1
mmu-mir-6237,0,0,0,0,0,0
mmu-mir-7650,11,31,14,5,6,13
mmu-mir-7081,0,0,0,0,0,0
mmu-mir-1900,0,0,1,0,0,1
mmu-mir-7082,3,3,1,2,1,0
mmu-mir-199a-1,50,96,59,102,85,90
mmu-mir-1946b,0,0,0,0,0,0
mmu-mir-7083,0,0,0,0,0,0
mmu-mir-7084,2,0,1,0,0,0
mmu-mir-100,0,5,3,1,1,3
mmu-let-7a-2,32874,45468,33841,45570,47898,48466
mmu-mir-125b-1,14,22,17,12,10,17
mmu-mir-7085,2,3,0,1,0,0
mmu-mir-7086,0,0,0,0,0,0
mmu-mir-7087,0,0,0,0,0,0
mmu-mir-34c,0,0,0,0,0,0
mmu-mir-34b,0,0,0,0,0,0
mmu-mir-6244,0,0,0,0,0,0
mmu-mir-130c,0,0,0,0,0,0
mmu-mir-5710,0,0,0,0,0,0
mmu-mir-6385,0,0,0,0,0,0
mmu-mir-5133,3,2,5,2,0,0
mmu-mir-190a,0,6,3,2,3,2
mmu-mir-7241,0,0,0,0,0,0
mmu-mir-7242,0,0,0,0,0,0
mmu-mir-3109,0,0,0,0,0,0
mmu-mir-5626,0,0,0,0,0,0
mmu-mir-184,0,2,0,1,0,0
mmu-mir-6386,0,0,0,0,0,0
mmu-mir-7656,0,0,0,0,0,0
mmu-mir-7243,0,0,0,0,0,0
mmu-mir-2136,0,0,0,0,0,0
mmu-mir-135a-1,0,0,0,0,0,0
mmu-let-7g,1697,2146,1793,2109,1879,2028
mmu-mir-7088,0,0,0,0,0,0
mmu-mir-191,2863,3205,2528,2846,2046,2658
mmu-mir-425,62,80,77,82,51,75
mmu-mir-711,0,0,0,0,0,0
mmu-mir-7089,1,0,0,0,0,0
mmu-mir-6236,2246,3307,2332,2021,2048,2208
mmu-mir-8107,0,0,0,1,0,0
mmu-mir-128-2,30,35,39,22,15,28
mmu-mir-467h,18,34,21,22,22,18
mmu-mir-26a-1,38,47,26,34,31,31
mmu-mir-7090,0,0,0,0,1,0
mmu-mir-8106,1,0,0,0,0,0
mmu-mir-138-1,0,0,0,0,0,0
mmu-mir-500,43,40,24,46,43,48
mmu-mir-501,51,60,43,60,62,61
mmu-mir-362,5,6,8,21,11,18
mmu-mir-188,40,28,30,33,16,25
mmu-mir-532,347,422,353,397,337,428
mmu-mir-1198,28,25,34,29,14,32
mmu-mir-221,231,276,259,300,291,334
mmu-mir-222,265,349,250,497,365,483
mmu-mir-5617,0,0,1,0,0,0
mmu-mir-3110,0,0,0,0,0,0
mmu-mir-6384,0,0,0,0,0,0
mmu-mir-717,0,0,0,0,0,0
mmu-mir-363,0,0,0,0,0,0
mmu-mir-92a-2,719,870,655,409,267,395
mmu-mir-19b-2,337,504,375,409,408,423
mmu-mir-20b,0,0,0,1,0,0
mmu-mir-18b,0,0,0,0,0,0
mmu-mir-106a,108,106,90,100,56,66
mmu-mir-450b,11,8,7,14,9,15
mmu-mir-450a-1,2,3,6,4,3,1
mmu-mir-450a-2,2,1,3,2,1,1
mmu-mir-542,8,5,8,7,9,13
mmu-mir-351,163,185,160,170,157,191
mmu-mir-503,30,37,37,32,24,32
mmu-mir-322,199,271,234,285,266,289
mmu-mir-5116,0,0,0,0,0,1
mmu-mir-504,4,6,6,4,6,3
mmu-mir-505,22,26,29,16,23,15
mmu-mir-743a,0,0,0,0,0,0
mmu-mir-743b,0,0,0,0,0,0
mmu-mir-742,0,0,0,0,0,0
mmu-mir-883a,0,0,0,0,0,0
mmu-mir-883b,0,0,0,0,0,0
mmu-mir-471,0,0,0,0,0,0
mmu-mir-741,0,0,0,0,0,0
mmu-mir-463,0,0,0,0,0,0
mmu-mir-880,0,1,0,0,0,0
mmu-mir-878,0,0,0,0,0,0
mmu-mir-881,0,0,0,0,0,0
mmu-mir-871,0,0,0,0,0,0
mmu-mir-470,1,0,0,0,0,1
mmu-mir-465d,0,0,0,0,0,0
mmu-mir-465c-1,0,0,1,0,0,0
mmu-mir-465b-1,0,0,0,0,0,0
mmu-mir-465c-2,0,0,0,0,0,0
mmu-mir-465b-2,0,0,1,0,0,0
mmu-mir-465a,0,0,1,0,0,0
mmu-mir-201,0,0,2,0,0,0
mmu-mir-547,0,0,0,0,1,0
mmu-mir-509,0,0,0,0,0,0
mmu-mir-224,0,0,0,0,0,0
mmu-mir-452,0,0,0,0,0,0
mmu-mir-767,0,0,0,0,0,0
mmu-mir-105,0,0,0,0,0,0
mmu-mir-2137,3393,3677,3216,3162,2361,1940
mmu-mir-5132,3,3,1,2,1,4
mmu-mir-718,1,0,1,2,1,0
mmu-mir-7091,1,0,1,0,0,0
mmu-mir-7092,0,4,0,1,0,0
mmu-mir-1906-2,0,0,0,0,0,0
mmu-mir-7673,0,0,0,0,0,0
mmu-mir-223,74,99,94,89,63,110
mmu-mir-676,0,0,0,0,0,0
mmu-mir-421,11,10,18,12,26,18
mmu-mir-374b,245,232,193,250,209,274
mmu-mir-374c,0,4,4,5,6,2
mmu-mir-672,0,0,0,0,0,0
mmu-mir-384,0,0,0,0,0,0
mmu-mir-325,0,0,0,0,0,0
mmu-mir-6382,0,0,0,0,0,0
mmu-mir-361,48,71,53,28,51,47
mmu-mir-3112,0,0,0,1,1,0
mmu-mir-7093,0,0,1,0,0,0
mmu-mir-7646,0,0,0,0,0,0
mmu-mir-1970,0,0,0,0,0,0
mmu-mir-6383,0,0,0,0,0,0
mmu-mir-3475,0,0,0,0,0,0
mmu-mir-652,71,66,57,69,72,63
mmu-mir-680-2,0,0,0,0,0,0
mmu-mir-3472,0,0,0,0,0,0
mmu-mir-3552,0,0,0,0,0,0
mmu-mir-764,0,0,0,0,0,0
mmu-mir-1912,0,0,0,0,0,0
mmu-mir-1264,0,0,0,0,0,0
mmu-mir-1298,0,0,0,0,0,0
mmu-mir-448,0,0,0,0,0,0
mmu-mir-3620,0,0,0,0,0,0
mmu-mir-3113,0,0,0,0,2,0
mmu-let-7f-2,17481,24168,18320,24224,24576,25304
mmu-mir-98,713,1031,789,781,768,794
mmu-mir-3473a,1,1,0,1,0,0